{"initial_reset_timestamp": 1607330368.5556843, "timestamps": [1607330374.806021, 1607330383.5370905, 1607330396.9315846, 1607330403.4762397], "episode_lengths": [324, 464, 699, 366], "episode_rewards": [140.0, 320.0, 790.0, 250.0], "episode_types": ["t", "t", "t", "t"]}